horizon_days,orbit_types,n_groups,anova_F,anova_p,kruskal_H,kruskal_p,levene_W,levene_p
1.0,"GEO,LEO,MEO",3,277.84052174415524,3.3985560261467294e-119,5539.090605167502,0.0,230.01658909848288,4.133831226898835e-99
3.0,"GEO,LEO,MEO",3,139.32532631623047,1.1674796410541592e-60,4531.533277695978,0.0,101.4405109830995,1.782618518269493e-44
7.0,"GEO,LEO,MEO",3,107.94389932257648,3.052624129313765e-47,3605.7249314743217,0.0,75.42372830603595,2.643718366883532e-33
